[
	{
		"atmovies_id": "fcen14513804",
		"imdb_id": "tt14513804",
		"title_zh": "美國隊長：無畏新世界",
		"title_en": "Captain America: Brave New World",
		"classification": "12+",
		"summary": "漫威電影宇宙的第35部電影，新一任美國隊長、同時也是獵鷹的前美隊得力助手山姆威爾森，扛起保衛美國的重責大任，也象徵嶄新時代正式開啟，在新世界新秩序的衝突升級下，他能否奮力扛起盾牌？",
		"length": 118
	},
	{
		"atmovies_id": "fgjp34881132",
		"imdb_id": "tt34881132",
		"title_zh": "機動戰士Gundam GquuuuuuX -Beginning-",
		"title_en": "Mobile Suit Gundam GQuuuuuuX: Beginning",
		"classification": "0+",
		"summary": "由鶴卷和哉執導，庵野秀明與榎戶洋司負責故事腳本，日本票房冠軍，是由製作《新世紀福音戰士》的khara與《機動戰士》SUNRISE兩家公司聯手的全新企劃。",
		"length": 81
	},
	{
		"atmovies_id": "fucn33708235",
		"imdb_id": "tt33708235",
		"title_zh": "夜校女生",
		"title_en": "The Uniform",
		"classification": "0+",
		"summary": "莊景燊執導，陳姸霏、項婕如、邱以太主演，攜手共譜「登大人」的成長痛。",
		"length": 109
	},
	{
		"atmovies_id": "fmen27714946",
		"imdb_id": "tt27714946",
		"title_zh": "史蒂芬金之猴子",
		"title_en": "The Monkey",
		"classification": "18+",
		"summary": "改編自史蒂芬金1980年的同名短篇故事，溫子仁監製。《分歧者》席歐詹姆斯一人分飾兩角，對抗史上最兇殘詛咒！發條聲響起，離奇死亡事件即將展開！",
		"length": 98
	},
	{
		"atmovies_id": "fnko34574758",
		"imdb_id": "tt34574758",
		"title_zh": "殺人預言",
		"title_en": "Nocturnal",
		"classification": "15+",
		"summary": "《白頭山：半島浩劫》河正宇、《緊急迫降》金南佶、《諜影殺機》劉多仁主演， 一本暢銷小說竟預言了我弟的死！",
		"length": 99
	},
	{
		"atmovies_id": "flen14403504",
		"imdb_id": "tt14403504",
		"title_zh": "窒息倒數",
		"title_en": "Last Breath",
		"classification": "0+",
		"summary": "改編真實海底災難事件，一段充滿驚心動魄又扣人心弦的災難救援，先從屏住呼吸開始…",
		"length": 93
	},
	{
		"atmovies_id": "fSatm0875106",
		"imdb_id": "tt0114369",
		"title_zh": "火線追緝令",
		"title_en": "Seven",
		"classification": "12+",
		"summary": "首開先例引經據典舖陳劇情，包括心理學家的推陳分析，警匪雙方鬥智的曲折過程一一呈現無遺。由大衛芬奇執導，布萊德彼特與摩根佛里曼兩大巨星聯手，凱文史貝西則扮演瘋狂殺手。",
		"length": 126
	},
	{
		"atmovies_id": "fben38999762",
		"imdb_id": "tt8999762",
		"title_zh": "粗獷派建築師",
		"title_en": "The Brutalist",
		"classification": "12+",
		"summary": "2025奧斯卡10項大獎提名，2024威尼斯影展最佳導演獎，獲得2025金球獎最佳影片、最佳導演、最佳男主角三項大獎，《戰地琴人》安卓亞布洛迪、《愛的萬物論》費莉絲蒂瓊斯主演。",
		"length": 215
	}
]
